<?xml version="1.0" encoding="UTF-8"?>
<!-- <entity-mappings xmlns="http://java.sun.com/xml/ns/persistence/orm" 
	xmlns:xsi="http://www.w3.org/2001/XMLSchema-instance" xsi:schemaLocation="http://java.sun.com/xml/ns/persistence/orm 
	orm_2_1.xsd" version="2.1"> -->
	
<entity-mappings version="2.5"
	xmlns="http://www.eclipse.org/eclipselink/xsds/persistence/orm"
	xmlns:xsi="http://www.w3.org/2001/XMLSchema-instance"
	xsi:schemaLocation="http://www.eclipse.org/eclipselink/xsds/persistence/orm http://www.eclipse.org/eclipselink/xsds/eclipselink_orm_2_5.xsd">

	<entity name="Person" class="model.Person" access="FIELD">


		<attributes>
			<id name="id">
				<!-- 
				<generated-value strategy="IDENTITY" />
				-->
			</id>

		</attributes>

	</entity>

	
	
	<entity name="Customer" class="model.Customer" access="FIELD">

		<attributes>
			<id name="customerId">
				<column name="CUSTOMER_ID"/>
			</id>
					
		</attributes>
		

	</entity>
	
	<named-query name="Person.findAll">
		<query>
            SELECT 
            p
            FROM 
            Person p			
        </query>
	</named-query>

	<named-query name="Customer.findAll">
		<query>
            SELECT 
            c
            FROM 
            Customer c			
        </query>
	</named-query>
</entity-mappings>


