<?xml version="1.0" encoding="UTF-8"?>
<application xmlns:xsi="http://www.w3.org/2001/XMLSchema-instance" xmlns="http://xmlns.jcp.org/xml/ns/javaee" xsi:schemaLocation="http://xmlns.jcp.org/xml/ns/javaee http://xmlns.jcp.org/xml/ns/javaee/application_7.xsd" id="Application_ID" version="7">
  <display-name>my-demo-app-ear</display-name>
  <module>
    <web>
      <web-uri>my-demo-app-war.war</web-uri>
      <context-root>my-demo-app-war</context-root>
    </web>
  </module>
  <library-directory></library-directory>
</application>