<?xml version="1.0" encoding="UTF-8"?>
<wls:weblogic-application xmlns:wls="http://xmlns.oracle.com/weblogic/weblogic-application" xmlns:xsi="http://www.w3.org/2001/XMLSchema-instance" xsi:schemaLocation="http://java.sun.com/xml/ns/javaee http://java.sun.com/xml/ns/javaee/javaee_6.xsd http://xmlns.oracle.com/weblogic/weblogic-application http://xmlns.oracle.com/weblogic/weblogic-application/1.7/weblogic-application.xsd">
    <!--weblogic-version:12.2.1-->
    <wls:application-param>
        <wls:param-name>webapp.encoding.default</wls:param-name>
        <wls:param-value>UTF-8</wls:param-value>
    </wls:application-param>
     <wls:module>
        <wls:name>my-demo-app-gar</wls:name>
        <wls:type>GAR</wls:type>
        <wls:path>my-demo-app-gar.gar</wls:path>
    </wls:module>
</wls:weblogic-application>

