<?xml version="1.0"?>
<cache-config xmlns:xsi="http://www.w3.org/2001/XMLSchema-instance"
	xmlns="http://xmlns.oracle.com/coherence/coherence-cache-config"
	xsi:schemaLocation="http://xmlns.oracle.com/coherence/coherence-cache-config http://xmlns.oracle.com/coherence/coherence-cache-config/1.3/coherence-cache-config.xsd">


	<caching-scheme-mapping>
		<cache-mapping>
			<cache-name>Person</cache-name>
			<scheme-name>distributed-jpa</scheme-name>
		</cache-mapping>
		<cache-mapping>
			<cache-name>Customer</cache-name>
			<scheme-name>distributed-jpa</scheme-name>
		</cache-mapping>
	</caching-scheme-mapping>

	<caching-schemes>
		<distributed-scheme>
			<scheme-name>distributed-jpa</scheme-name>
			<service-name>EclipseLinkJPA</service-name>
			<backing-map-scheme>
				<read-write-backing-map-scheme>
					<!-- Define the cache scheme -->
					<internal-cache-scheme>
						<local-scheme />
					</internal-cache-scheme>
					<cachestore-scheme>
						<class-scheme>
							<class-name>oracle.eclipselink.coherence.standalone.EclipseLinkJPACacheStore
							</class-name>
							<init-params>
								<!-- This param is the entity name This param should match the value 
									of the persistence unit name in persistence.xml -->
								<init-param>
									<param-type>java.lang.String</param-type>
									<param-value>{cache-name}</param-value>
								</init-param>
								<init-param>
									<param-type>java.lang.String</param-type>
									<param-value>PersonPU</param-value>
								</init-param>
							</init-params>
						</class-scheme>
					</cachestore-scheme>
					<write-delay>5s</write-delay>
				</read-write-backing-map-scheme>
			</backing-map-scheme>
			<autostart>true</autostart>
		</distributed-scheme>
	</caching-schemes>
</cache-config>
