<?xml version="1.0"?>
<rest xmlns:xsi="http://www.w3.org/2001/XMLSchema-instance"
	xmlns="http://xmlns.oracle.com/coherence/coherence-rest-config"
	xsi:schemaLocation="http://xmlns.oracle.com/coherence/coherence-rest-config
      coherence-rest-config.xsd">
	<resources>
		<resource>
			<cache-name>Person</cache-name>
			<key-class>java.lang.Integer</key-class>
			<value-class>model.Person</value-class>
		</resource>
		<resource>
			<cache-name>Customer</cache-name>
			<key-class>java.lang.Integer</key-class>
			<value-class>model.Customer</value-class>
		</resource>
	</resources>
</rest>